<?xml version="1.0"?>
<doc>
    <assembly>
        <name>OpenFin.WPF</name>
    </assembly>
    <members>
        <member name="T:Openfin.WPF.NamespaceDoc">
            <summary>
            OpenFin WPF Embedded View and Utilities.
            </summary>
        </member>
        <member name="T:Openfin.WPF.EmbeddedView">
            <summary>
            The WPF Embedded View Control allows you to embed a OpenFin Web view within a Windows Forms application.
            </summary>
        </member>
        <member name="P:Openfin.WPF.EmbeddedView.AutoScale">
            <summary>
            Controls if the Embedded View resizes with its parent container
            </summary>
        </member>
        <member name="P:Openfin.WPF.EmbeddedView.IsReady">
            <summary>
            Is The Embedded View ready
            </summary>
        </member>
        <member name="M:Openfin.WPF.EmbeddedView.#ctor">
            <summary>
            A New EmbeddedView Control
            </summary>
        </member>
        <member name="P:Openfin.WPF.EmbeddedView.OpenfinWindow">
            <summary>
            The OpenFin Window embedded as part of this control.
            </summary>
        </member>
        <member name="P:Openfin.WPF.EmbeddedView.OpenfinApplication">
            <summary>
            The OpenFin Application that owns the OpenFin Window embedded as part of this control.
            </summary>
        </member>
        <member name="P:Openfin.WPF.EmbeddedView.OpenfinRuntime">
            <summary>
            The OpenFin Runtime Instance. 
            </summary>
        </member>
        <member name="M:Openfin.WPF.EmbeddedView.Close">
            <summary>
            Closes the Embedded View
            </summary>
        </member>
        <member name="M:Openfin.WPF.EmbeddedView.Initialize(Openfin.Desktop.RuntimeOptions,Openfin.Desktop.ApplicationOptions)">
            <summary>
            Provide the application options, this will create an OpenFin application and use the Main Window as the Embedded View.
            </summary>
            <param name="runtimeOptions">Runtime Options being used</param>
            <param name="appOptions">Application options for the new OpenFin Application to be created</param>
        </member>
        <member name="M:Openfin.WPF.EmbeddedView.Initialize(Openfin.Desktop.RuntimeOptions,Openfin.Desktop.Window)">
            <summary>
            Provide the OpenFin Window object, this will embed the existing Window.
            </summary>
            <param name="runtimeOptions">Runtime Options being used</param>
            <param name="window">Window object to be embedded</param>
        </member>
        <member name="M:Openfin.WPF.EmbeddedView.Initialize(Openfin.Desktop.RuntimeOptions,Openfin.Desktop.Application,Openfin.Desktop.WindowOptions)">
            <summary>
            Provide the application instance and WindowOptions, this will create an OpenFin Window in a per application shared GPU process
            </summary>
            <param name="runtimeOptions">Runtime Options being used</param>
            <param name="application">OpenFin Application that will share the GPU Process with this window.</param>
            <param name="windowOptions">Window Options for the new OpenFin Window to be created</param>
        </member>
        <member name="P:Openfin.WPF.EmbeddedView.OnReady">
            <summary>
            Event will be raised when the OpenFin Window has loaded the content and has rendered.
            </summary>
        </member>
        <member name="P:Openfin.WPF.EmbeddedView.OnForcedClosed">
            <summary>
            Event will be raised when the OpenFin Window has been closed by means other than the Close method (WM_DESTROY for example)
            </summary>
        </member>
        <member name="P:Openfin.WPF.EmbeddedView.OnNavigationRejected">
            <summary>
            Event will be raised if content navigation rules have determined that the requested URL is not valid.
            </summary>
        </member>
        <member name="T:Openfin.WPF.Utils">
            <summary>
            Will Invoke the action on the UI thread.
            </summary>
        </member>
        <member name="M:Openfin.WPF.Utils.InvokeOnUiThreadIfRequired(System.Windows.Controls.Control,System.Action)">
            <summary>
            Will Invoke the action on the UI thread.
            </summary>
            <param name="control">A Control </param>
            <param name="action">Action to invoke on the UI thread</param>
        </member>
        <member name="T:OpenFin.WPF.Properties.Resources">
            <summary>
              A strongly-typed resource class, for looking up localized strings, etc.
            </summary>
        </member>
        <member name="P:OpenFin.WPF.Properties.Resources.ResourceManager">
            <summary>
              Returns the cached ResourceManager instance used by this class.
            </summary>
        </member>
        <member name="P:OpenFin.WPF.Properties.Resources.Culture">
            <summary>
              Overrides the current thread's CurrentUICulture property for all
              resource lookups using this strongly typed resource class.
            </summary>
        </member>
    </members>
</doc>
